ID,Req. Timestamp,Resp. Timestamp,Method,URL,Code,Reason,RTT,Size Resp. Header,Size Resp. Body
555,Fri Oct 25 10:41:36 CEST 2024,Fri Oct 25 10:41:36 CEST 2024,GET,https://timemanager.alexishenry.eu,200,OK,96,241,551
566,Fri Oct 25 10:43:47 CEST 2024,Fri Oct 25 10:43:47 CEST 2024,POST,https://timemanager.alexishenry.eu,404,Not Found,24,130,0
654,Fri Oct 25 10:43:50 CEST 2024,Fri Oct 25 10:43:50 CEST 2024,GET,https://timemanager.alexishenry.eu,200,OK,26,241,551
663,Fri Oct 25 10:43:50 CEST 2024,Fri Oct 25 10:43:50 CEST 2024,GET,https://timemanager.alexishenry.eu,200,OK,26,241,551
672,Fri Oct 25 10:43:50 CEST 2024,Fri Oct 25 10:43:50 CEST 2024,GET,https://timemanager.alexishenry.eu,200,OK,24,241,551
683,Fri Oct 25 10:43:50 CEST 2024,Fri Oct 25 10:43:50 CEST 2024,GET,https://timemanager.alexishenry.eu,200,OK,61,241,551
694,Fri Oct 25 10:43:50 CEST 2024,Fri Oct 25 10:43:50 CEST 2024,GET,https://timemanager.alexishenry.eu,200,OK,55,241,551
705,Fri Oct 25 10:43:50 CEST 2024,Fri Oct 25 10:43:50 CEST 2024,GET,https://timemanager.alexishenry.eu,200,OK,22,241,551
715,Fri Oct 25 10:43:50 CEST 2024,Fri Oct 25 10:43:50 CEST 2024,GET,https://timemanager.alexishenry.eu,200,OK,29,241,551
725,Fri Oct 25 10:43:50 CEST 2024,Fri Oct 25 10:43:50 CEST 2024,GET,https://timemanager.alexishenry.eu,200,OK,22,241,551
733,Fri Oct 25 10:43:50 CEST 2024,Fri Oct 25 10:43:50 CEST 2024,GET,https://timemanager.alexishenry.eu,200,OK,24,241,551
744,Fri Oct 25 10:43:50 CEST 2024,Fri Oct 25 10:43:50 CEST 2024,GET,https://timemanager.alexishenry.eu,200,OK,22,241,551
753,Fri Oct 25 10:43:50 CEST 2024,Fri Oct 25 10:43:50 CEST 2024,GET,https://timemanager.alexishenry.eu,200,OK,35,241,551
765,Fri Oct 25 10:43:50 CEST 2024,Fri Oct 25 10:43:50 CEST 2024,GET,https://timemanager.alexishenry.eu,200,OK,36,241,551
560,Fri Oct 25 10:43:47 CEST 2024,Fri Oct 25 10:43:47 CEST 2024,GET,https://timemanager.alexishenry.eu?class.module.classLoader.DefaultAssertionStatus=nonsense,200,OK,103,241,551
550,Fri Oct 25 10:41:36 CEST 2024,Fri Oct 25 10:41:36 CEST 2024,GET,https://timemanager.alexishenry.eu/,200,OK,88,241,551
579,Fri Oct 25 10:43:48 CEST 2024,Fri Oct 25 10:43:48 CEST 2024,POST,https://timemanager.alexishenry.eu/,404,Not Found,22,130,0
584,Fri Oct 25 10:43:48 CEST 2024,Fri Oct 25 10:43:48 CEST 2024,GET,https://timemanager.alexishenry.eu/,200,OK,109,241,551
586,Fri Oct 25 10:43:48 CEST 2024,Fri Oct 25 10:43:48 CEST 2024,GET,https://timemanager.alexishenry.eu/,200,OK,113,241,551
660,Fri Oct 25 10:43:50 CEST 2024,Fri Oct 25 10:43:50 CEST 2024,GET,https://timemanager.alexishenry.eu/,200,OK,44,241,551
671,Fri Oct 25 10:43:50 CEST 2024,Fri Oct 25 10:43:50 CEST 2024,GET,https://timemanager.alexishenry.eu/,200,OK,27,241,551
682,Fri Oct 25 10:43:50 CEST 2024,Fri Oct 25 10:43:50 CEST 2024,GET,https://timemanager.alexishenry.eu/,200,OK,54,241,551
693,Fri Oct 25 10:43:50 CEST 2024,Fri Oct 25 10:43:50 CEST 2024,GET,https://timemanager.alexishenry.eu/,200,OK,59,241,551
700,Fri Oct 25 10:43:50 CEST 2024,Fri Oct 25 10:43:50 CEST 2024,GET,https://timemanager.alexishenry.eu/,200,OK,24,241,551
711,Fri Oct 25 10:43:50 CEST 2024,Fri Oct 25 10:43:50 CEST 2024,GET,https://timemanager.alexishenry.eu/,200,OK,22,241,551
719,Fri Oct 25 10:43:50 CEST 2024,Fri Oct 25 10:43:50 CEST 2024,GET,https://timemanager.alexishenry.eu/,200,OK,26,241,551
728,Fri Oct 25 10:43:50 CEST 2024,Fri Oct 25 10:43:50 CEST 2024,GET,https://timemanager.alexishenry.eu/,200,OK,20,241,551
738,Fri Oct 25 10:43:50 CEST 2024,Fri Oct 25 10:43:50 CEST 2024,GET,https://timemanager.alexishenry.eu/,200,OK,22,241,551
748,Fri Oct 25 10:43:50 CEST 2024,Fri Oct 25 10:43:50 CEST 2024,GET,https://timemanager.alexishenry.eu/,200,OK,27,241,551
756,Fri Oct 25 10:43:50 CEST 2024,Fri Oct 25 10:43:50 CEST 2024,GET,https://timemanager.alexishenry.eu/,200,OK,21,241,551
764,Fri Oct 25 10:43:50 CEST 2024,Fri Oct 25 10:43:50 CEST 2024,GET,https://timemanager.alexishenry.eu/,200,OK,36,241,551
649,Fri Oct 25 10:43:50 CEST 2024,Fri Oct 25 10:43:50 CEST 2024,GET,https://timemanager.alexishenry.eu/_framework/blazor.boot.json,200,OK,22,241,551
648,Fri Oct 25 10:43:50 CEST 2024,Fri Oct 25 10:43:50 CEST 2024,GET,https://timemanager.alexishenry.eu/_wpeprivate/config.json,200,OK,24,241,551
578,Fri Oct 25 10:43:47 CEST 2024,Fri Oct 25 10:43:48 CEST 2024,GET,https://timemanager.alexishenry.eu/?class.module.classLoader.DefaultAssertionStatus=nonsense,200,OK,1093,241,551
525,Fri Oct 25 10:41:35 CEST 2024,Fri Oct 25 10:41:36 CEST 2024,POST,https://timemanager.alexishenry.eu/?-d+allow_url_include%3d1+-d+auto_prepend_file%3dphp://input,404,Not Found,20,130,0
526,Fri Oct 25 10:41:35 CEST 2024,Fri Oct 25 10:41:36 CEST 2024,POST,https://timemanager.alexishenry.eu/?-d+allow_url_include%3d1+-d+auto_prepend_file%3dphp://input,404,Not Found,23,130,0
528,Fri Oct 25 10:41:36 CEST 2024,Fri Oct 25 10:41:36 CEST 2024,POST,https://timemanager.alexishenry.eu/?-d+allow_url_include%3d1+-d+auto_prepend_file%3dphp://input,404,Not Found,21,130,0
531,Fri Oct 25 10:41:36 CEST 2024,Fri Oct 25 10:41:36 CEST 2024,POST,https://timemanager.alexishenry.eu/?-d+allow_url_include%3d1+-d+auto_prepend_file%3dphp://input,404,Not Found,74,130,0
652,Fri Oct 25 10:43:50 CEST 2024,Fri Oct 25 10:43:50 CEST 2024,GET,https://timemanager.alexishenry.eu/._darcs,200,OK,24,241,551
651,Fri Oct 25 10:43:50 CEST 2024,Fri Oct 25 10:43:50 CEST 2024,GET,https://timemanager.alexishenry.eu/.bzr,200,OK,24,241,551
623,Fri Oct 25 10:43:49 CEST 2024,Fri Oct 25 10:43:49 CEST 2024,GET,https://timemanager.alexishenry.eu/.DS_Store,200,OK,22,241,551
600,Fri Oct 25 10:43:49 CEST 2024,Fri Oct 25 10:43:49 CEST 2024,GET,https://timemanager.alexishenry.eu/.env,200,OK,22,241,551
608,Fri Oct 25 10:43:49 CEST 2024,Fri Oct 25 10:43:49 CEST 2024,GET,https://timemanager.alexishenry.eu/.git/config,200,OK,22,241,551
650,Fri Oct 25 10:43:50 CEST 2024,Fri Oct 25 10:43:50 CEST 2024,GET,https://timemanager.alexishenry.eu/.hg,200,OK,21,241,551
598,Fri Oct 25 10:43:49 CEST 2024,Fri Oct 25 10:43:49 CEST 2024,GET,https://timemanager.alexishenry.eu/.htaccess,200,OK,22,241,551
604,Fri Oct 25 10:43:49 CEST 2024,Fri Oct 25 10:43:49 CEST 2024,GET,https://timemanager.alexishenry.eu/.idea/WebServers.xml,200,OK,22,241,551
624,Fri Oct 25 10:43:49 CEST 2024,Fri Oct 25 10:43:49 CEST 2024,GET,https://timemanager.alexishenry.eu/.php_cs.cache,200,OK,21,241,551
635,Fri Oct 25 10:43:49 CEST 2024,Fri Oct 25 10:43:49 CEST 2024,GET,https://timemanager.alexishenry.eu/.ssh/id_dsa,200,OK,28,241,551
634,Fri Oct 25 10:43:49 CEST 2024,Fri Oct 25 10:43:49 CEST 2024,GET,https://timemanager.alexishenry.eu/.ssh/id_rsa,200,OK,21,241,551
609,Fri Oct 25 10:43:49 CEST 2024,Fri Oct 25 10:43:49 CEST 2024,GET,https://timemanager.alexishenry.eu/.svn/entries,200,OK,28,241,551
610,Fri Oct 25 10:43:49 CEST 2024,Fri Oct 25 10:43:49 CEST 2024,GET,https://timemanager.alexishenry.eu/.svn/wc.db,200,OK,22,241,551
510,Fri Oct 25 10:41:35 CEST 2024,Fri Oct 25 10:41:35 CEST 2024,GET,https://timemanager.alexishenry.eu/1215721716274166380,200,OK,22,241,551
509,Fri Oct 25 10:41:35 CEST 2024,Fri Oct 25 10:41:35 CEST 2024,GET,https://timemanager.alexishenry.eu/4907130192820220513,200,OK,88,241,551
602,Fri Oct 25 10:43:49 CEST 2024,Fri Oct 25 10:43:49 CEST 2024,GET,https://timemanager.alexishenry.eu/actuator/health,200,OK,21,241,551
605,Fri Oct 25 10:43:49 CEST 2024,Fri Oct 25 10:43:49 CEST 2024,GET,https://timemanager.alexishenry.eu/actuator/health,200,OK,22,241,551
636,Fri Oct 25 10:43:49 CEST 2024,Fri Oct 25 10:43:50 CEST 2024,GET,https://timemanager.alexishenry.eu/adminer.php,200,OK,21,241,551
627,Fri Oct 25 10:43:49 CEST 2024,Fri Oct 25 10:43:49 CEST 2024,GET,https://timemanager.alexishenry.eu/app/etc/local.xml,200,OK,21,241,551
549,Fri Oct 25 10:41:36 CEST 2024,Fri Oct 25 10:41:36 CEST 2024,GET,https://timemanager.alexishenry.eu/assets,200,OK,86,241,551
567,Fri Oct 25 10:43:47 CEST 2024,Fri Oct 25 10:43:47 CEST 2024,POST,https://timemanager.alexishenry.eu/assets,404,Not Found,22,130,0
661,Fri Oct 25 10:43:50 CEST 2024,Fri Oct 25 10:43:50 CEST 2024,GET,https://timemanager.alexishenry.eu/assets,200,OK,45,241,551
669,Fri Oct 25 10:43:50 CEST 2024,Fri Oct 25 10:43:50 CEST 2024,GET,https://timemanager.alexishenry.eu/assets,200,OK,26,241,551
681,Fri Oct 25 10:43:50 CEST 2024,Fri Oct 25 10:43:50 CEST 2024,GET,https://timemanager.alexishenry.eu/assets,200,OK,52,241,551
691,Fri Oct 25 10:43:50 CEST 2024,Fri Oct 25 10:43:50 CEST 2024,GET,https://timemanager.alexishenry.eu/assets,200,OK,57,241,551
704,Fri Oct 25 10:43:50 CEST 2024,Fri Oct 25 10:43:50 CEST 2024,GET,https://timemanager.alexishenry.eu/assets,200,OK,28,241,551
714,Fri Oct 25 10:43:50 CEST 2024,Fri Oct 25 10:43:50 CEST 2024,GET,https://timemanager.alexishenry.eu/assets,200,OK,29,241,551
724,Fri Oct 25 10:43:50 CEST 2024,Fri Oct 25 10:43:50 CEST 2024,GET,https://timemanager.alexishenry.eu/assets,200,OK,22,241,551
734,Fri Oct 25 10:43:50 CEST 2024,Fri Oct 25 10:43:50 CEST 2024,GET,https://timemanager.alexishenry.eu/assets,200,OK,24,241,551
743,Fri Oct 25 10:43:50 CEST 2024,Fri Oct 25 10:43:50 CEST 2024,GET,https://timemanager.alexishenry.eu/assets,200,OK,21,241,551
752,Fri Oct 25 10:43:50 CEST 2024,Fri Oct 25 10:43:50 CEST 2024,GET,https://timemanager.alexishenry.eu/assets,200,OK,36,241,551
768,Fri Oct 25 10:43:50 CEST 2024,Fri Oct 25 10:43:50 CEST 2024,GET,https://timemanager.alexishenry.eu/assets,200,OK,48,241,551
772,Fri Oct 25 10:43:50 CEST 2024,Fri Oct 25 10:43:50 CEST 2024,GET,https://timemanager.alexishenry.eu/assets,200,OK,23,241,551
561,Fri Oct 25 10:43:47 CEST 2024,Fri Oct 25 10:43:47 CEST 2024,GET,https://timemanager.alexishenry.eu/assets?class.module.classLoader.DefaultAssertionStatus=nonsense,200,OK,104,241,551
527,Fri Oct 25 10:41:35 CEST 2024,Fri Oct 25 10:41:36 CEST 2024,POST,https://timemanager.alexishenry.eu/assets?-d+allow_url_include%3d1+-d+auto_prepend_file%3dphp://input,404,Not Found,22,130,0
529,Fri Oct 25 10:41:36 CEST 2024,Fri Oct 25 10:41:36 CEST 2024,POST,https://timemanager.alexishenry.eu/assets?-d+allow_url_include%3d1+-d+auto_prepend_file%3dphp://input,404,Not Found,61,130,0
588,Fri Oct 25 10:43:48 CEST 2024,Fri Oct 25 10:43:48 CEST 2024,GET,https://timemanager.alexishenry.eu/assets/,200,OK,112,241,551
601,Fri Oct 25 10:43:49 CEST 2024,Fri Oct 25 10:43:49 CEST 2024,GET,https://timemanager.alexishenry.eu/assets/.env,200,OK,20,241,551
599,Fri Oct 25 10:43:49 CEST 2024,Fri Oct 25 10:43:49 CEST 2024,GET,https://timemanager.alexishenry.eu/assets/.htaccess,200,OK,20,241,551
512,Fri Oct 25 10:41:35 CEST 2024,Fri Oct 25 10:41:35 CEST 2024,GET,https://timemanager.alexishenry.eu/assets/4079624574355483499,200,OK,165,241,551
513,Fri Oct 25 10:41:35 CEST 2024,Fri Oct 25 10:41:35 CEST 2024,GET,https://timemanager.alexishenry.eu/assets/7518550889706941595,200,OK,21,241,551
557,Fri Oct 25 10:41:36 CEST 2024,Fri Oct 25 10:41:36 CEST 2024,GET,https://timemanager.alexishenry.eu/assets/index-BwXXTaxU.js,200,OK,190,285,473581
577,Fri Oct 25 10:43:47 CEST 2024,Fri Oct 25 10:43:47 CEST 2024,POST,https://timemanager.alexishenry.eu/assets/index-BwXXTaxU.js,200,OK,47,285,473581
684,Fri Oct 25 10:43:50 CEST 2024,Fri Oct 25 10:43:50 CEST 2024,GET,https://timemanager.alexishenry.eu/assets/index-BwXXTaxU.js,200,OK,151,285,473581
701,Fri Oct 25 10:43:50 CEST 2024,Fri Oct 25 10:43:50 CEST 2024,GET,https://timemanager.alexishenry.eu/assets/index-BwXXTaxU.js,200,OK,60,285,473581
751,Fri Oct 25 10:43:50 CEST 2024,Fri Oct 25 10:43:50 CEST 2024,GET,https://timemanager.alexishenry.eu/assets/index-BwXXTaxU.js,200,OK,132,285,473581
770,Fri Oct 25 10:43:50 CEST 2024,Fri Oct 25 10:43:50 CEST 2024,GET,https://timemanager.alexishenry.eu/assets/index-BwXXTaxU.js,200,OK,60,285,473581
775,Fri Oct 25 10:43:50 CEST 2024,Fri Oct 25 10:43:50 CEST 2024,GET,https://timemanager.alexishenry.eu/assets/index-BwXXTaxU.js,200,OK,39,285,473581
777,Fri Oct 25 10:43:50 CEST 2024,Fri Oct 25 10:43:50 CEST 2024,GET,https://timemanager.alexishenry.eu/assets/index-BwXXTaxU.js,200,OK,39,285,473581
779,Fri Oct 25 10:43:50 CEST 2024,Fri Oct 25 10:43:51 CEST 2024,GET,https://timemanager.alexishenry.eu/assets/index-BwXXTaxU.js,200,OK,77,285,473581
781,Fri Oct 25 10:43:51 CEST 2024,Fri Oct 25 10:43:51 CEST 2024,GET,https://timemanager.alexishenry.eu/assets/index-BwXXTaxU.js,200,OK,68,285,473581
782,Fri Oct 25 10:43:51 CEST 2024,Fri Oct 25 10:43:51 CEST 2024,GET,https://timemanager.alexishenry.eu/assets/index-BwXXTaxU.js,200,OK,34,285,473581
783,Fri Oct 25 10:43:51 CEST 2024,Fri Oct 25 10:43:51 CEST 2024,GET,https://timemanager.alexishenry.eu/assets/index-BwXXTaxU.js,200,OK,34,285,473581
784,Fri Oct 25 10:43:51 CEST 2024,Fri Oct 25 10:43:51 CEST 2024,GET,https://timemanager.alexishenry.eu/assets/index-BwXXTaxU.js,200,OK,39,285,473581
785,Fri Oct 25 10:43:51 CEST 2024,Fri Oct 25 10:43:51 CEST 2024,GET,https://timemanager.alexishenry.eu/assets/index-BwXXTaxU.js,200,OK,36,285,473581
576,Fri Oct 25 10:43:47 CEST 2024,Fri Oct 25 10:43:47 CEST 2024,GET,https://timemanager.alexishenry.eu/assets/index-BwXXTaxU.js?class.module.classLoader.DefaultAssertionStatus=nonsense,200,OK,208,285,473581
544,Fri Oct 25 10:41:35 CEST 2024,Fri Oct 25 10:41:36 CEST 2024,POST,https://timemanager.alexishenry.eu/assets/index-BwXXTaxU.js?-d+allow_url_include%3d1+-d+auto_prepend_file%3dphp://input,200,OK,223,285,473581
546,Fri Oct 25 10:41:36 CEST 2024,Fri Oct 25 10:41:36 CEST 2024,POST,https://timemanager.alexishenry.eu/assets/index-BwXXTaxU.js?-d+allow_url_include%3d1+-d+auto_prepend_file%3dphp://input,200,OK,259,285,473581
594,Fri Oct 25 10:43:48 CEST 2024,Fri Oct 25 10:43:48 CEST 2024,GET,https://timemanager.alexishenry.eu/assets/index-BwXXTaxU.js/,200,OK,226,285,473581
556,Fri Oct 25 10:41:36 CEST 2024,Fri Oct 25 10:41:36 CEST 2024,GET,https://timemanager.alexishenry.eu/assets/index-CjeoT1Lp.css,200,OK,115,276,54596
575,Fri Oct 25 10:43:47 CEST 2024,Fri Oct 25 10:43:47 CEST 2024,POST,https://timemanager.alexishenry.eu/assets/index-CjeoT1Lp.css,200,OK,24,276,54596
673,Fri Oct 25 10:43:50 CEST 2024,Fri Oct 25 10:43:50 CEST 2024,GET,https://timemanager.alexishenry.eu/assets/index-CjeoT1Lp.css,200,OK,78,276,54596
678,Fri Oct 25 10:43:50 CEST 2024,Fri Oct 25 10:43:50 CEST 2024,GET,https://timemanager.alexishenry.eu/assets/index-CjeoT1Lp.css,200,OK,26,276,54596
688,Fri Oct 25 10:43:50 CEST 2024,Fri Oct 25 10:43:50 CEST 2024,GET,https://timemanager.alexishenry.eu/assets/index-CjeoT1Lp.css,200,OK,61,276,54596
698,Fri Oct 25 10:43:50 CEST 2024,Fri Oct 25 10:43:50 CEST 2024,GET,https://timemanager.alexishenry.eu/assets/index-CjeoT1Lp.css,200,OK,36,276,54596
708,Fri Oct 25 10:43:50 CEST 2024,Fri Oct 25 10:43:50 CEST 2024,GET,https://timemanager.alexishenry.eu/assets/index-CjeoT1Lp.css,200,OK,23,276,54596
735,Fri Oct 25 10:43:50 CEST 2024,Fri Oct 25 10:43:50 CEST 2024,GET,https://timemanager.alexishenry.eu/assets/index-CjeoT1Lp.css,200,OK,67,276,54596
745,Fri Oct 25 10:43:50 CEST 2024,Fri Oct 25 10:43:50 CEST 2024,GET,https://timemanager.alexishenry.eu/assets/index-CjeoT1Lp.css,200,OK,27,276,54596
759,Fri Oct 25 10:43:50 CEST 2024,Fri Oct 25 10:43:50 CEST 2024,GET,https://timemanager.alexishenry.eu/assets/index-CjeoT1Lp.css,200,OK,31,276,54596
774,Fri Oct 25 10:43:50 CEST 2024,Fri Oct 25 10:43:50 CEST 2024,GET,https://timemanager.alexishenry.eu/assets/index-CjeoT1Lp.css,200,OK,88,276,54596
776,Fri Oct 25 10:43:50 CEST 2024,Fri Oct 25 10:43:50 CEST 2024,GET,https://timemanager.alexishenry.eu/assets/index-CjeoT1Lp.css,200,OK,30,276,54596
778,Fri Oct 25 10:43:50 CEST 2024,Fri Oct 25 10:43:50 CEST 2024,GET,https://timemanager.alexishenry.eu/assets/index-CjeoT1Lp.css,200,OK,26,276,54596
780,Fri Oct 25 10:43:50 CEST 2024,Fri Oct 25 10:43:51 CEST 2024,GET,https://timemanager.alexishenry.eu/assets/index-CjeoT1Lp.css,200,OK,73,276,54596
572,Fri Oct 25 10:43:47 CEST 2024,Fri Oct 25 10:43:47 CEST 2024,GET,https://timemanager.alexishenry.eu/assets/index-CjeoT1Lp.css?class.module.classLoader.DefaultAssertionStatus=nonsense,200,OK,142,276,54596
543,Fri Oct 25 10:41:35 CEST 2024,Fri Oct 25 10:41:36 CEST 2024,POST,https://timemanager.alexishenry.eu/assets/index-CjeoT1Lp.css?-d+allow_url_include%3d1+-d+auto_prepend_file%3dphp://input,200,OK,195,276,54596
545,Fri Oct 25 10:41:36 CEST 2024,Fri Oct 25 10:41:36 CEST 2024,POST,https://timemanager.alexishenry.eu/assets/index-CjeoT1Lp.css?-d+allow_url_include%3d1+-d+auto_prepend_file%3dphp://input,200,OK,38,276,54596
521,Fri Oct 25 10:41:35 CEST 2024,Fri Oct 25 10:41:35 CEST 2024,GET,https://timemanager.alexishenry.eu/assets/index-CjeoT1Lp.css?-s,200,OK,246,276,54596
589,Fri Oct 25 10:43:48 CEST 2024,Fri Oct 25 10:43:48 CEST 2024,GET,https://timemanager.alexishenry.eu/assets/index-CjeoT1Lp.css/,200,OK,151,276,54596
595,Fri Oct 25 10:43:48 CEST 2024,Fri Oct 25 10:43:49 CEST 2024,GET,https://timemanager.alexishenry.eu/assets/trace.axd,200,OK,225,241,551
653,Fri Oct 25 10:43:50 CEST 2024,Fri Oct 25 10:43:50 CEST 2024,GET,https://timemanager.alexishenry.eu/BitKeeper,200,OK,25,241,551
638,Fri Oct 25 10:43:50 CEST 2024,Fri Oct 25 10:43:50 CEST 2024,GET,https://timemanager.alexishenry.eu/CHANGELOG.txt,200,OK,21,241,551
640,Fri Oct 25 10:43:50 CEST 2024,Fri Oct 25 10:43:50 CEST 2024,GET,https://timemanager.alexishenry.eu/composer.json,200,OK,20,241,551
641,Fri Oct 25 10:43:50 CEST 2024,Fri Oct 25 10:43:50 CEST 2024,GET,https://timemanager.alexishenry.eu/composer.lock,200,OK,21,241,551
607,Fri Oct 25 10:43:49 CEST 2024,Fri Oct 25 10:43:49 CEST 2024,GET,https://timemanager.alexishenry.eu/config/database.yml,200,OK,21,241,551
606,Fri Oct 25 10:43:49 CEST 2024,Fri Oct 25 10:43:49 CEST 2024,GET,https://timemanager.alexishenry.eu/config/databases.yml,200,OK,22,241,551
613,Fri Oct 25 10:43:49 CEST 2024,Fri Oct 25 10:43:49 CEST 2024,GET,https://timemanager.alexishenry.eu/core,200,OK,21,241,551
611,Fri Oct 25 10:43:49 CEST 2024,Fri Oct 25 10:43:49 CEST 2024,GET,https://timemanager.alexishenry.eu/CVS/root,200,OK,22,241,551
625,Fri Oct 25 10:43:49 CEST 2024,Fri Oct 25 10:43:49 CEST 2024,GET,https://timemanager.alexishenry.eu/DEADJOE,200,OK,21,241,551
596,Fri Oct 25 10:43:48 CEST 2024,Fri Oct 25 10:43:49 CEST 2024,GET,https://timemanager.alexishenry.eu/elmah.axd,200,OK,233,241,551
548,Fri Oct 25 10:41:36 CEST 2024,Fri Oct 25 10:41:36 CEST 2024,GET,https://timemanager.alexishenry.eu/favicon.ico,200,OK,80,255,4286
570,Fri Oct 25 10:43:47 CEST 2024,Fri Oct 25 10:43:47 CEST 2024,POST,https://timemanager.alexishenry.eu/favicon.ico,200,OK,24,255,4286
656,Fri Oct 25 10:43:50 CEST 2024,Fri Oct 25 10:43:50 CEST 2024,GET,https://timemanager.alexishenry.eu/favicon.ico,200,OK,37,255,4286
665,Fri Oct 25 10:43:50 CEST 2024,Fri Oct 25 10:43:50 CEST 2024,GET,https://timemanager.alexishenry.eu/favicon.ico,200,OK,27,255,4286
675,Fri Oct 25 10:43:50 CEST 2024,Fri Oct 25 10:43:50 CEST 2024,GET,https://timemanager.alexishenry.eu/favicon.ico,200,OK,27,255,4286
685,Fri Oct 25 10:43:50 CEST 2024,Fri Oct 25 10:43:50 CEST 2024,GET,https://timemanager.alexishenry.eu/favicon.ico,200,OK,68,255,4286
696,Fri Oct 25 10:43:50 CEST 2024,Fri Oct 25 10:43:50 CEST 2024,GET,https://timemanager.alexishenry.eu/favicon.ico,200,OK,35,255,4286
707,Fri Oct 25 10:43:50 CEST 2024,Fri Oct 25 10:43:50 CEST 2024,GET,https://timemanager.alexishenry.eu/favicon.ico,200,OK,22,255,4286
717,Fri Oct 25 10:43:50 CEST 2024,Fri Oct 25 10:43:50 CEST 2024,GET,https://timemanager.alexishenry.eu/favicon.ico,200,OK,33,255,4286
726,Fri Oct 25 10:43:50 CEST 2024,Fri Oct 25 10:43:50 CEST 2024,GET,https://timemanager.alexishenry.eu/favicon.ico,200,OK,22,255,4286
736,Fri Oct 25 10:43:50 CEST 2024,Fri Oct 25 10:43:50 CEST 2024,GET,https://timemanager.alexishenry.eu/favicon.ico,200,OK,24,255,4286
746,Fri Oct 25 10:43:50 CEST 2024,Fri Oct 25 10:43:50 CEST 2024,GET,https://timemanager.alexishenry.eu/favicon.ico,200,OK,22,255,4286
757,Fri Oct 25 10:43:50 CEST 2024,Fri Oct 25 10:43:50 CEST 2024,GET,https://timemanager.alexishenry.eu/favicon.ico,200,OK,27,255,4286
762,Fri Oct 25 10:43:50 CEST 2024,Fri Oct 25 10:43:50 CEST 2024,GET,https://timemanager.alexishenry.eu/favicon.ico,200,OK,25,255,4286
562,Fri Oct 25 10:43:47 CEST 2024,Fri Oct 25 10:43:47 CEST 2024,GET,https://timemanager.alexishenry.eu/favicon.ico?class.module.classLoader.DefaultAssertionStatus=nonsense,200,OK,109,255,4286
532,Fri Oct 25 10:41:35 CEST 2024,Fri Oct 25 10:41:36 CEST 2024,POST,https://timemanager.alexishenry.eu/favicon.ico?-d+allow_url_include%3d1+-d+auto_prepend_file%3dphp://input,200,OK,93,255,4286
538,Fri Oct 25 10:41:36 CEST 2024,Fri Oct 25 10:41:36 CEST 2024,POST,https://timemanager.alexishenry.eu/favicon.ico?-d+allow_url_include%3d1+-d+auto_prepend_file%3dphp://input,200,OK,23,255,4286
587,Fri Oct 25 10:43:48 CEST 2024,Fri Oct 25 10:43:48 CEST 2024,GET,https://timemanager.alexishenry.eu/favicon.ico/,200,OK,108,255,4286
618,Fri Oct 25 10:43:49 CEST 2024,Fri Oct 25 10:43:49 CEST 2024,GET,https://timemanager.alexishenry.eu/filezilla.xml,200,OK,29,241,551
620,Fri Oct 25 10:43:49 CEST 2024,Fri Oct 25 10:43:49 CEST 2024,GET,https://timemanager.alexishenry.eu/FileZilla.xml,200,OK,21,241,551
646,Fri Oct 25 10:43:50 CEST 2024,Fri Oct 25 10:43:50 CEST 2024,GET,https://timemanager.alexishenry.eu/i.php,200,OK,36,241,551
633,Fri Oct 25 10:43:49 CEST 2024,Fri Oct 25 10:43:49 CEST 2024,GET,https://timemanager.alexishenry.eu/id_dsa,200,OK,22,241,551
632,Fri Oct 25 10:43:49 CEST 2024,Fri Oct 25 10:43:49 CEST 2024,GET,https://timemanager.alexishenry.eu/id_rsa,200,OK,20,241,551
645,Fri Oct 25 10:43:50 CEST 2024,Fri Oct 25 10:43:50 CEST 2024,GET,https://timemanager.alexishenry.eu/info.php,200,OK,22,241,551
631,Fri Oct 25 10:43:49 CEST 2024,Fri Oct 25 10:43:49 CEST 2024,GET,https://timemanager.alexishenry.eu/key.pem,200,OK,22,241,551
580,Fri Oct 25 10:43:48 CEST 2024,Fri Oct 25 10:43:48 CEST 2024,GET,https://timemanager.alexishenry.eu/latest/meta-data/,421,Misdirected Request,145,155,322
581,Fri Oct 25 10:43:48 CEST 2024,Fri Oct 25 10:43:48 CEST 2024,GET,https://timemanager.alexishenry.eu/latest/meta-data/,421,Misdirected Request,21,155,322
582,Fri Oct 25 10:43:48 CEST 2024,Fri Oct 25 10:43:48 CEST 2024,GET,https://timemanager.alexishenry.eu/latest/meta-data/,421,Misdirected Request,22,155,322
583,Fri Oct 25 10:43:48 CEST 2024,Fri Oct 25 10:43:48 CEST 2024,GET,https://timemanager.alexishenry.eu/latest/meta-data/,421,Misdirected Request,23,155,322
603,Fri Oct 25 10:43:49 CEST 2024,Fri Oct 25 10:43:49 CEST 2024,GET,https://timemanager.alexishenry.eu/lfm.php,200,OK,22,241,551
554,Fri Oct 25 10:41:36 CEST 2024,Fri Oct 25 10:41:36 CEST 2024,GET,https://timemanager.alexishenry.eu/manifest.webmanifest,200,OK,83,266,541
565,Fri Oct 25 10:43:47 CEST 2024,Fri Oct 25 10:43:47 CEST 2024,POST,https://timemanager.alexishenry.eu/manifest.webmanifest,200,OK,26,266,541
655,Fri Oct 25 10:43:50 CEST 2024,Fri Oct 25 10:43:50 CEST 2024,GET,https://timemanager.alexishenry.eu/manifest.webmanifest,200,OK,35,266,541
664,Fri Oct 25 10:43:50 CEST 2024,Fri Oct 25 10:43:50 CEST 2024,GET,https://timemanager.alexishenry.eu/manifest.webmanifest,200,OK,28,266,541
674,Fri Oct 25 10:43:50 CEST 2024,Fri Oct 25 10:43:50 CEST 2024,GET,https://timemanager.alexishenry.eu/manifest.webmanifest,200,OK,26,266,541
687,Fri Oct 25 10:43:50 CEST 2024,Fri Oct 25 10:43:50 CEST 2024,GET,https://timemanager.alexishenry.eu/manifest.webmanifest,200,OK,72,266,541
697,Fri Oct 25 10:43:50 CEST 2024,Fri Oct 25 10:43:50 CEST 2024,GET,https://timemanager.alexishenry.eu/manifest.webmanifest,200,OK,38,266,541
709,Fri Oct 25 10:43:50 CEST 2024,Fri Oct 25 10:43:50 CEST 2024,GET,https://timemanager.alexishenry.eu/manifest.webmanifest,200,OK,27,266,541
718,Fri Oct 25 10:43:50 CEST 2024,Fri Oct 25 10:43:50 CEST 2024,GET,https://timemanager.alexishenry.eu/manifest.webmanifest,200,OK,28,266,541
727,Fri Oct 25 10:43:50 CEST 2024,Fri Oct 25 10:43:50 CEST 2024,GET,https://timemanager.alexishenry.eu/manifest.webmanifest,200,OK,20,266,541
737,Fri Oct 25 10:43:50 CEST 2024,Fri Oct 25 10:43:50 CEST 2024,GET,https://timemanager.alexishenry.eu/manifest.webmanifest,200,OK,23,266,541
747,Fri Oct 25 10:43:50 CEST 2024,Fri Oct 25 10:43:50 CEST 2024,GET,https://timemanager.alexishenry.eu/manifest.webmanifest,200,OK,23,266,541
758,Fri Oct 25 10:43:50 CEST 2024,Fri Oct 25 10:43:50 CEST 2024,GET,https://timemanager.alexishenry.eu/manifest.webmanifest,200,OK,27,266,541
763,Fri Oct 25 10:43:50 CEST 2024,Fri Oct 25 10:43:50 CEST 2024,GET,https://timemanager.alexishenry.eu/manifest.webmanifest,200,OK,28,266,541
559,Fri Oct 25 10:43:47 CEST 2024,Fri Oct 25 10:43:47 CEST 2024,GET,https://timemanager.alexishenry.eu/manifest.webmanifest?class.module.classLoader.DefaultAssertionStatus=nonsense,200,OK,94,266,541
533,Fri Oct 25 10:41:35 CEST 2024,Fri Oct 25 10:41:36 CEST 2024,POST,https://timemanager.alexishenry.eu/manifest.webmanifest?-d+allow_url_include%3d1+-d+auto_prepend_file%3dphp://input,200,OK,100,266,541
541,Fri Oct 25 10:41:36 CEST 2024,Fri Oct 25 10:41:36 CEST 2024,POST,https://timemanager.alexishenry.eu/manifest.webmanifest?-d+allow_url_include%3d1+-d+auto_prepend_file%3dphp://input,200,OK,24,266,541
518,Fri Oct 25 10:41:35 CEST 2024,Fri Oct 25 10:41:35 CEST 2024,GET,https://timemanager.alexishenry.eu/manifest.webmanifest?-s,200,OK,232,266,541
585,Fri Oct 25 10:43:48 CEST 2024,Fri Oct 25 10:43:48 CEST 2024,GET,https://timemanager.alexishenry.eu/manifest.webmanifest/,200,OK,107,266,541
630,Fri Oct 25 10:43:49 CEST 2024,Fri Oct 25 10:43:49 CEST 2024,GET,https://timemanager.alexishenry.eu/myserver.key,200,OK,22,241,551
644,Fri Oct 25 10:43:50 CEST 2024,Fri Oct 25 10:43:50 CEST 2024,GET,https://timemanager.alexishenry.eu/phpinfo.php,200,OK,28,241,551
629,Fri Oct 25 10:43:49 CEST 2024,Fri Oct 25 10:43:49 CEST 2024,GET,https://timemanager.alexishenry.eu/privatekey.key,200,OK,22,241,551
547,Fri Oct 25 10:41:36 CEST 2024,Fri Oct 25 10:41:36 CEST 2024,GET,https://timemanager.alexishenry.eu/registerSW.js,200,OK,79,279,134
571,Fri Oct 25 10:43:47 CEST 2024,Fri Oct 25 10:43:47 CEST 2024,POST,https://timemanager.alexishenry.eu/registerSW.js,200,OK,29,279,134
657,Fri Oct 25 10:43:50 CEST 2024,Fri Oct 25 10:43:50 CEST 2024,GET,https://timemanager.alexishenry.eu/registerSW.js,200,OK,39,279,134
666,Fri Oct 25 10:43:50 CEST 2024,Fri Oct 25 10:43:50 CEST 2024,GET,https://timemanager.alexishenry.eu/registerSW.js,200,OK,27,279,134
676,Fri Oct 25 10:43:50 CEST 2024,Fri Oct 25 10:43:50 CEST 2024,GET,https://timemanager.alexishenry.eu/registerSW.js,200,OK,30,279,134
686,Fri Oct 25 10:43:50 CEST 2024,Fri Oct 25 10:43:50 CEST 2024,GET,https://timemanager.alexishenry.eu/registerSW.js,200,OK,62,279,134
695,Fri Oct 25 10:43:50 CEST 2024,Fri Oct 25 10:43:50 CEST 2024,GET,https://timemanager.alexishenry.eu/registerSW.js,200,OK,35,279,134
706,Fri Oct 25 10:43:50 CEST 2024,Fri Oct 25 10:43:50 CEST 2024,GET,https://timemanager.alexishenry.eu/registerSW.js,200,OK,22,279,134
716,Fri Oct 25 10:43:50 CEST 2024,Fri Oct 25 10:43:50 CEST 2024,GET,https://timemanager.alexishenry.eu/registerSW.js,200,OK,29,279,134
723,Fri Oct 25 10:43:50 CEST 2024,Fri Oct 25 10:43:50 CEST 2024,GET,https://timemanager.alexishenry.eu/registerSW.js,200,OK,20,279,134
730,Fri Oct 25 10:43:50 CEST 2024,Fri Oct 25 10:43:50 CEST 2024,GET,https://timemanager.alexishenry.eu/registerSW.js,200,OK,22,279,134
740,Fri Oct 25 10:43:50 CEST 2024,Fri Oct 25 10:43:50 CEST 2024,GET,https://timemanager.alexishenry.eu/registerSW.js,200,OK,22,279,134
750,Fri Oct 25 10:43:50 CEST 2024,Fri Oct 25 10:43:50 CEST 2024,GET,https://timemanager.alexishenry.eu/registerSW.js,200,OK,26,279,134
761,Fri Oct 25 10:43:50 CEST 2024,Fri Oct 25 10:43:50 CEST 2024,GET,https://timemanager.alexishenry.eu/registerSW.js,200,OK,22,279,134
563,Fri Oct 25 10:43:47 CEST 2024,Fri Oct 25 10:43:47 CEST 2024,GET,https://timemanager.alexishenry.eu/registerSW.js?class.module.classLoader.DefaultAssertionStatus=nonsense,200,OK,108,279,134
536,Fri Oct 25 10:41:35 CEST 2024,Fri Oct 25 10:41:36 CEST 2024,POST,https://timemanager.alexishenry.eu/registerSW.js?-d+allow_url_include%3d1+-d+auto_prepend_file%3dphp://input,200,OK,107,279,134
542,Fri Oct 25 10:41:36 CEST 2024,Fri Oct 25 10:41:36 CEST 2024,POST,https://timemanager.alexishenry.eu/registerSW.js?-d+allow_url_include%3d1+-d+auto_prepend_file%3dphp://input,200,OK,34,279,134
591,Fri Oct 25 10:43:48 CEST 2024,Fri Oct 25 10:43:48 CEST 2024,GET,https://timemanager.alexishenry.eu/registerSW.js/,200,OK,161,279,134
552,Fri Oct 25 10:41:36 CEST 2024,Fri Oct 25 10:41:36 CEST 2024,GET,https://timemanager.alexishenry.eu/robots.txt,200,OK,81,241,551
573,Fri Oct 25 10:43:47 CEST 2024,Fri Oct 25 10:43:47 CEST 2024,POST,https://timemanager.alexishenry.eu/robots.txt,404,Not Found,23,156,0
659,Fri Oct 25 10:43:50 CEST 2024,Fri Oct 25 10:43:50 CEST 2024,GET,https://timemanager.alexishenry.eu/robots.txt,200,OK,41,241,551
668,Fri Oct 25 10:43:50 CEST 2024,Fri Oct 25 10:43:50 CEST 2024,GET,https://timemanager.alexishenry.eu/robots.txt,200,OK,27,241,551
679,Fri Oct 25 10:43:50 CEST 2024,Fri Oct 25 10:43:50 CEST 2024,GET,https://timemanager.alexishenry.eu/robots.txt,200,OK,33,241,551
690,Fri Oct 25 10:43:50 CEST 2024,Fri Oct 25 10:43:50 CEST 2024,GET,https://timemanager.alexishenry.eu/robots.txt,200,OK,74,241,551
703,Fri Oct 25 10:43:50 CEST 2024,Fri Oct 25 10:43:50 CEST 2024,GET,https://timemanager.alexishenry.eu/robots.txt,200,OK,31,241,551
712,Fri Oct 25 10:43:50 CEST 2024,Fri Oct 25 10:43:50 CEST 2024,GET,https://timemanager.alexishenry.eu/robots.txt,200,OK,25,241,551
721,Fri Oct 25 10:43:50 CEST 2024,Fri Oct 25 10:43:50 CEST 2024,GET,https://timemanager.alexishenry.eu/robots.txt,200,OK,26,241,551
731,Fri Oct 25 10:43:50 CEST 2024,Fri Oct 25 10:43:50 CEST 2024,GET,https://timemanager.alexishenry.eu/robots.txt,200,OK,23,241,551
742,Fri Oct 25 10:43:50 CEST 2024,Fri Oct 25 10:43:50 CEST 2024,GET,https://timemanager.alexishenry.eu/robots.txt,200,OK,22,241,551
755,Fri Oct 25 10:43:50 CEST 2024,Fri Oct 25 10:43:50 CEST 2024,GET,https://timemanager.alexishenry.eu/robots.txt,200,OK,37,241,551
766,Fri Oct 25 10:43:50 CEST 2024,Fri Oct 25 10:43:50 CEST 2024,GET,https://timemanager.alexishenry.eu/robots.txt,200,OK,36,241,551
771,Fri Oct 25 10:43:50 CEST 2024,Fri Oct 25 10:43:50 CEST 2024,GET,https://timemanager.alexishenry.eu/robots.txt,200,OK,32,241,551
569,Fri Oct 25 10:43:47 CEST 2024,Fri Oct 25 10:43:47 CEST 2024,GET,https://timemanager.alexishenry.eu/robots.txt?class.module.classLoader.DefaultAssertionStatus=nonsense,200,OK,129,241,551
530,Fri Oct 25 10:41:35 CEST 2024,Fri Oct 25 10:41:36 CEST 2024,POST,https://timemanager.alexishenry.eu/robots.txt?-d+allow_url_include%3d1+-d+auto_prepend_file%3dphp://input,404,Not Found,83,156,0
537,Fri Oct 25 10:41:36 CEST 2024,Fri Oct 25 10:41:36 CEST 2024,POST,https://timemanager.alexishenry.eu/robots.txt?-d+allow_url_include%3d1+-d+auto_prepend_file%3dphp://input,404,Not Found,23,156,0
593,Fri Oct 25 10:43:48 CEST 2024,Fri Oct 25 10:43:48 CEST 2024,GET,https://timemanager.alexishenry.eu/robots.txt/,200,OK,160,241,551
628,Fri Oct 25 10:43:49 CEST 2024,Fri Oct 25 10:43:49 CEST 2024,GET,https://timemanager.alexishenry.eu/server.key,200,OK,30,241,551
643,Fri Oct 25 10:43:50 CEST 2024,Fri Oct 25 10:43:50 CEST 2024,GET,https://timemanager.alexishenry.eu/server-info,200,OK,21,241,551
612,Fri Oct 25 10:43:49 CEST 2024,Fri Oct 25 10:43:49 CEST 2024,GET,https://timemanager.alexishenry.eu/server-status,403,Forbidden,20,145,199
551,Fri Oct 25 10:41:36 CEST 2024,Fri Oct 25 10:41:36 CEST 2024,GET,https://timemanager.alexishenry.eu/settings,200,OK,80,241,551
574,Fri Oct 25 10:43:47 CEST 2024,Fri Oct 25 10:43:47 CEST 2024,POST,https://timemanager.alexishenry.eu/settings,404,Not Found,24,130,0
658,Fri Oct 25 10:43:50 CEST 2024,Fri Oct 25 10:43:50 CEST 2024,GET,https://timemanager.alexishenry.eu/settings,200,OK,38,241,551
667,Fri Oct 25 10:43:50 CEST 2024,Fri Oct 25 10:43:50 CEST 2024,GET,https://timemanager.alexishenry.eu/settings,200,OK,30,241,551
677,Fri Oct 25 10:43:50 CEST 2024,Fri Oct 25 10:43:50 CEST 2024,GET,https://timemanager.alexishenry.eu/settings,200,OK,28,241,551
689,Fri Oct 25 10:43:50 CEST 2024,Fri Oct 25 10:43:50 CEST 2024,GET,https://timemanager.alexishenry.eu/settings,200,OK,73,241,551
702,Fri Oct 25 10:43:50 CEST 2024,Fri Oct 25 10:43:50 CEST 2024,GET,https://timemanager.alexishenry.eu/settings,200,OK,38,241,551
713,Fri Oct 25 10:43:50 CEST 2024,Fri Oct 25 10:43:50 CEST 2024,GET,https://timemanager.alexishenry.eu/settings,200,OK,29,241,551
722,Fri Oct 25 10:43:50 CEST 2024,Fri Oct 25 10:43:50 CEST 2024,GET,https://timemanager.alexishenry.eu/settings,200,OK,22,241,551
732,Fri Oct 25 10:43:50 CEST 2024,Fri Oct 25 10:43:50 CEST 2024,GET,https://timemanager.alexishenry.eu/settings,200,OK,23,241,551
741,Fri Oct 25 10:43:50 CEST 2024,Fri Oct 25 10:43:50 CEST 2024,GET,https://timemanager.alexishenry.eu/settings,200,OK,21,241,551
754,Fri Oct 25 10:43:50 CEST 2024,Fri Oct 25 10:43:50 CEST 2024,GET,https://timemanager.alexishenry.eu/settings,200,OK,37,241,551
767,Fri Oct 25 10:43:50 CEST 2024,Fri Oct 25 10:43:50 CEST 2024,GET,https://timemanager.alexishenry.eu/settings,200,OK,45,241,551
773,Fri Oct 25 10:43:50 CEST 2024,Fri Oct 25 10:43:50 CEST 2024,GET,https://timemanager.alexishenry.eu/settings,200,OK,25,241,551
568,Fri Oct 25 10:43:47 CEST 2024,Fri Oct 25 10:43:47 CEST 2024,GET,https://timemanager.alexishenry.eu/settings?class.module.classLoader.DefaultAssertionStatus=nonsense,200,OK,129,241,551
534,Fri Oct 25 10:41:35 CEST 2024,Fri Oct 25 10:41:36 CEST 2024,POST,https://timemanager.alexishenry.eu/settings?-d+allow_url_include%3d1+-d+auto_prepend_file%3dphp://input,404,Not Found,99,130,0
539,Fri Oct 25 10:41:36 CEST 2024,Fri Oct 25 10:41:36 CEST 2024,POST,https://timemanager.alexishenry.eu/settings?-d+allow_url_include%3d1+-d+auto_prepend_file%3dphp://input,404,Not Found,23,130,0
590,Fri Oct 25 10:43:48 CEST 2024,Fri Oct 25 10:43:48 CEST 2024,GET,https://timemanager.alexishenry.eu/settings/,200,OK,160,241,551
614,Fri Oct 25 10:43:49 CEST 2024,Fri Oct 25 10:43:49 CEST 2024,GET,https://timemanager.alexishenry.eu/sftp-config.json,200,OK,22,241,551
619,Fri Oct 25 10:43:49 CEST 2024,Fri Oct 25 10:43:49 CEST 2024,GET,https://timemanager.alexishenry.eu/sitemanager.xml,200,OK,27,241,551
553,Fri Oct 25 10:41:36 CEST 2024,Fri Oct 25 10:41:36 CEST 2024,GET,https://timemanager.alexishenry.eu/sitemap.xml,200,OK,80,241,551
564,Fri Oct 25 10:43:47 CEST 2024,Fri Oct 25 10:43:47 CEST 2024,POST,https://timemanager.alexishenry.eu/sitemap.xml,404,Not Found,23,161,0
662,Fri Oct 25 10:43:50 CEST 2024,Fri Oct 25 10:43:50 CEST 2024,GET,https://timemanager.alexishenry.eu/sitemap.xml,200,OK,42,241,551
670,Fri Oct 25 10:43:50 CEST 2024,Fri Oct 25 10:43:50 CEST 2024,GET,https://timemanager.alexishenry.eu/sitemap.xml,200,OK,28,241,551
680,Fri Oct 25 10:43:50 CEST 2024,Fri Oct 25 10:43:50 CEST 2024,GET,https://timemanager.alexishenry.eu/sitemap.xml,200,OK,52,241,551
692,Fri Oct 25 10:43:50 CEST 2024,Fri Oct 25 10:43:50 CEST 2024,GET,https://timemanager.alexishenry.eu/sitemap.xml,200,OK,57,241,551
699,Fri Oct 25 10:43:50 CEST 2024,Fri Oct 25 10:43:50 CEST 2024,GET,https://timemanager.alexishenry.eu/sitemap.xml,200,OK,28,241,551
710,Fri Oct 25 10:43:50 CEST 2024,Fri Oct 25 10:43:50 CEST 2024,GET,https://timemanager.alexishenry.eu/sitemap.xml,200,OK,21,241,551
720,Fri Oct 25 10:43:50 CEST 2024,Fri Oct 25 10:43:50 CEST 2024,GET,https://timemanager.alexishenry.eu/sitemap.xml,200,OK,29,241,551
729,Fri Oct 25 10:43:50 CEST 2024,Fri Oct 25 10:43:50 CEST 2024,GET,https://timemanager.alexishenry.eu/sitemap.xml,200,OK,23,241,551
739,Fri Oct 25 10:43:50 CEST 2024,Fri Oct 25 10:43:50 CEST 2024,GET,https://timemanager.alexishenry.eu/sitemap.xml,200,OK,22,241,551
749,Fri Oct 25 10:43:50 CEST 2024,Fri Oct 25 10:43:50 CEST 2024,GET,https://timemanager.alexishenry.eu/sitemap.xml,200,OK,22,241,551
760,Fri Oct 25 10:43:50 CEST 2024,Fri Oct 25 10:43:50 CEST 2024,GET,https://timemanager.alexishenry.eu/sitemap.xml,200,OK,22,241,551
769,Fri Oct 25 10:43:50 CEST 2024,Fri Oct 25 10:43:50 CEST 2024,GET,https://timemanager.alexishenry.eu/sitemap.xml,200,OK,43,241,551
558,Fri Oct 25 10:43:47 CEST 2024,Fri Oct 25 10:43:47 CEST 2024,GET,https://timemanager.alexishenry.eu/sitemap.xml?class.module.classLoader.DefaultAssertionStatus=nonsense,200,OK,89,241,551
535,Fri Oct 25 10:41:35 CEST 2024,Fri Oct 25 10:41:36 CEST 2024,POST,https://timemanager.alexishenry.eu/sitemap.xml?-d+allow_url_include%3d1+-d+auto_prepend_file%3dphp://input,404,Not Found,101,161,0
540,Fri Oct 25 10:41:36 CEST 2024,Fri Oct 25 10:41:36 CEST 2024,POST,https://timemanager.alexishenry.eu/sitemap.xml?-d+allow_url_include%3d1+-d+auto_prepend_file%3dphp://input,404,Not Found,21,161,0
592,Fri Oct 25 10:43:48 CEST 2024,Fri Oct 25 10:43:48 CEST 2024,GET,https://timemanager.alexishenry.eu/sitemap.xml/,200,OK,159,241,551
639,Fri Oct 25 10:43:50 CEST 2024,Fri Oct 25 10:43:50 CEST 2024,GET,https://timemanager.alexishenry.eu/sites/default/files/.ht.sqlite,200,OK,22,241,551
626,Fri Oct 25 10:43:49 CEST 2024,Fri Oct 25 10:43:49 CEST 2024,GET,https://timemanager.alexishenry.eu/sites/default/private/files/backup_migrate/scheduled/test.txt,200,OK,25,241,551
647,Fri Oct 25 10:43:50 CEST 2024,Fri Oct 25 10:43:50 CEST 2024,GET,https://timemanager.alexishenry.eu/test.php,200,OK,31,241,551
597,Fri Oct 25 10:43:48 CEST 2024,Fri Oct 25 10:43:49 CEST 2024,GET,https://timemanager.alexishenry.eu/trace.axd,200,OK,232,241,551
637,Fri Oct 25 10:43:50 CEST 2024,Fri Oct 25 10:43:50 CEST 2024,GET,https://timemanager.alexishenry.eu/vb_test.php,200,OK,21,241,551
642,Fri Oct 25 10:43:50 CEST 2024,Fri Oct 25 10:43:50 CEST 2024,GET,https://timemanager.alexishenry.eu/vim_settings.xml,200,OK,22,241,551
516,Fri Oct 25 10:41:35 CEST 2024,Fri Oct 25 10:41:35 CEST 2024,GET,https://timemanager.alexishenry.eu/WEB-INF/applicationContext.xml,200,OK,22,241,551
519,Fri Oct 25 10:41:35 CEST 2024,Fri Oct 25 10:41:35 CEST 2024,GET,https://timemanager.alexishenry.eu/WEB-INF/classes/1/0.class,200,OK,21,241,551
520,Fri Oct 25 10:41:35 CEST 2024,Fri Oct 25 10:41:35 CEST 2024,GET,https://timemanager.alexishenry.eu/WEB-INF/classes/BwXXTaxU/js.class,200,OK,22,241,551
522,Fri Oct 25 10:41:35 CEST 2024,Fri Oct 25 10:41:35 CEST 2024,GET,https://timemanager.alexishenry.eu/WEB-INF/classes/CjeoT1Lp/css.class,200,OK,22,241,551
517,Fri Oct 25 10:41:35 CEST 2024,Fri Oct 25 10:41:35 CEST 2024,GET,https://timemanager.alexishenry.eu/WEB-INF/classes/favicon/ico.class,200,OK,21,241,551
523,Fri Oct 25 10:41:35 CEST 2024,Fri Oct 25 10:41:35 CEST 2024,GET,https://timemanager.alexishenry.eu/WEB-INF/classes/manifest/webmanifest.class,200,OK,22,241,551
524,Fri Oct 25 10:41:35 CEST 2024,Fri Oct 25 10:41:35 CEST 2024,GET,https://timemanager.alexishenry.eu/WEB-INF/classes/registerSW/js.class,200,OK,21,241,551
515,Fri Oct 25 10:41:35 CEST 2024,Fri Oct 25 10:41:35 CEST 2024,GET,https://timemanager.alexishenry.eu/WEB-INF/web.xml,200,OK,179,241,551
621,Fri Oct 25 10:43:49 CEST 2024,Fri Oct 25 10:43:49 CEST 2024,GET,https://timemanager.alexishenry.eu/winscp.ini,200,OK,22,241,551
622,Fri Oct 25 10:43:49 CEST 2024,Fri Oct 25 10:43:49 CEST 2024,GET,https://timemanager.alexishenry.eu/WinSCP.ini,200,OK,21,241,551
616,Fri Oct 25 10:43:49 CEST 2024,Fri Oct 25 10:43:49 CEST 2024,GET,https://timemanager.alexishenry.eu/ws_ftp.ini,200,OK,22,241,551
615,Fri Oct 25 10:43:49 CEST 2024,Fri Oct 25 10:43:49 CEST 2024,GET,https://timemanager.alexishenry.eu/WS_FTP.ini,200,OK,21,241,551
617,Fri Oct 25 10:43:49 CEST 2024,Fri Oct 25 10:43:49 CEST 2024,GET,https://timemanager.alexishenry.eu/WS_FTP.INI,200,OK,24,241,551
